first_name,last_name,email,password,birthday
Joshua,Monroe,andersonrichard@example.org,n!4D8RhF!Q,1979-01-31
Joseph,Morgan,nfitzpatrick@example.net,T&RX6EeE+q,1987-06-06
Dana,Yates,debra89@example.net,k_7PInQiSk,1969-10-11
Julie,Wilson,dmurphy@example.org,mgk5wFl$^h,1997-03-10
Walter,Lewis,nicolereynolds@example.org,UAj6TUbBa&,2006-12-22
Elizabeth,Bell,ryanlyons@example.net,1sGmjuCE$d,1996-06-15
Marissa,Taylor,braykelly@example.org,f@2S1JBhW9,1967-11-03
Angela,Santiago,eric65@example.com,$9DmO7ql4Y,1992-05-21
Todd,Carroll,jonespatricia@example.org,0OjiV8DeA%,2000-07-10
David,Nelson,gsilva@example.net,n^0L$AfDRZ,2006-11-26
